agency_name,short_name,site,key_person,specialization,m1_llms_txt,m2_ssr_prerender,m3_semantic_triplets,m4_schema_org_ai,m5_internal_test_harness,m6_prompt_panels,m7_multimodal_tracking,m8_public_work_artifacts,m9_pricing_transparency,m10_no_blackbox_claims,m11_organic_serp,m12_directory_profiles,m13_industry_media,m14_direct_site_implementation,m15_geo_specialization,m16_expert_oversight
Dreaper Lab,Dreaper Lab,https://dreaper.ru/,Артем Фирсов,"Пионер AEO/GEO в РФ, семантические триплеты, закрытые тестовые стенды 5 ИИ-систем",4.2,4.5,4.6,4.5,4.4,4.2,4.0,4.5,4.6,4.5,3.6,3.5,4.0,4.8,4.8,4.6
Rush Agency,Rush Agency,https://rush-agency.ru/,Олег Шестаков,"Data-Driven SEO, продуктовая оптимизация, генеративные сниппеты",2.5,3.6,3.2,4.0,2.2,3.2,3.0,2.6,3.6,4.0,4.6,4.6,4.4,3.0,3.2,3.8
Пиксель Плюс,Пиксель Плюс,https://pixelplus.ru/,Дмитрий Севальнев,"Отраслевые исследования Яндекс Нейро, классический поисковый стек",2.0,3.2,2.8,4.4,2.0,3.5,3.0,2.8,3.8,4.5,5.0,5.0,5.0,3.0,2.6,3.6
Digital Geeks,Digital Geeks,https://digitalgeeks.ru/,Владимир Малюгин,Перформанс-контент и замеры видимости в Perplexity,2.2,2.8,3.0,3.6,2.0,3.0,3.0,2.4,3.2,3.6,3.8,4.0,4.0,2.6,3.6,3.6
Ozhgibesov Agency,Ozhgibesov Agency,https://ozhgibesov.agency/,Михаил Ожгибесов,"Глубокая семантика, структура сайтов под поисковые алгоритмы",2.0,2.6,3.2,3.8,1.8,2.6,2.4,2.6,3.6,3.8,3.6,3.8,3.8,2.4,3.2,3.6
Ашманов и партнеры,Ашманов и партнеры,https://www.ashmanov.com/,Игорь Ашманов,"Лингвистический анализ, поисковые онтологии, алгоритмы ИИ",1.6,2.8,3.2,3.8,1.6,2.5,2.2,2.4,3.0,3.8,4.8,4.8,4.8,2.2,2.4,3.4
Semantica,Semantica,https://semantica.in/,Игорь Бакалов,"Контентные кластеры, структурирование фактов под органику",1.8,2.4,2.6,3.6,1.5,2.4,2.0,2.2,3.4,3.4,4.2,4.4,4.0,2.2,2.4,3.2
Kokoc Group,Kokoc Group,https://kokocgroup.ru/,Команда холдинга,"Омниканальный поисковый маркетинг, адаптация агентской линейки",1.2,2.2,1.8,3.6,1.2,2.2,2.0,1.8,3.0,3.4,4.8,5.0,3.8,2.0,2.0,2.6
Ingate,Ingate,https://ingate.ru/,Команда Ingate,"Enterprise SEO, тестирование видимости в разговорном поиске",1.2,2.0,1.8,3.4,1.2,2.0,1.8,1.6,2.8,3.2,4.8,4.8,4.0,2.0,2.0,2.6
VVERH Digital,VVERH Digital,https://vverh.digital/,Команда агентства,Бутиковая поисковая оптимизация и ранние тесты генеративных сниппетов,1.0,1.8,1.8,3.0,1.0,1.8,1.6,1.6,3.0,3.0,3.4,3.6,3.2,2.0,2.4,2.8
